stateDt,stateTime,decideCnt,clearCnt,examCnt,deathCnt,careCnt,resutlNegCnt,accExamCnt,accExamCompCnt,accDefRate,createDt,updateDt
20200202,9:00,2,2,2,2,,,,,,22:49.5,
20200203,9:00,15,,,,,,,,,41:17.2,19:46.5
20200204,0:00,,,,,,,,,,26:59.6,
20200205,9:00,18,,129,,,,,,,56:31.3,43:16.2
20200205,19:00,19,1,40,,,,,,,05:40.4,05:36.4
20200206,9:00,23,1,169,,,,,,,09:49.5,04:35.3
20200207,9:00,24,2,264,,,,,,,53:27.3,44:30.3
20200207,16:00,24,2,327,,,,,,,20:45.4,
20200208,9:00,24,2,620,,,,,,,09:34.3,
20200208,16:00,24,2,939,,,,,,,00:22.2,
20200208,16:00,24,2,939,,,,,,,48:05.0,
20200208,16:00,24,2,939,,,,,,,01:12.1,
20200208,16:00,24,2,939,,,,,,,01:34.3,
20200209,9:00,25,3,960,,,,,,,58:22.2,08:56.6
20200209,16:00,27,3,888,,,,,,,59:21.2,
20200210,9:00,27,3,809,,,,,,,56:41.4,
20200210,16:00,27,3,531,,,,,,,03:49.5,04:27.3
20200211,9:00,28,4,865,,,,,,,50:10.1,
20200211,16:00,28,4,762,,,,,,,09:25.2,
20200212,9:00,28,4,992,,,,,,,05:49.5,
20200212,16:00,28,7,785,,,,,,,56:47.5,
20200213,9:00,28,7,670,,,,,,,50:45.4,
20200213,16:00,28,7,562,,,,,,,09:07.1,
20200214,9:00,28,7,692,,,,,,,50:49.5,
20200214,16:00,28,7,535,,,,,,,16:19.2,
20200215,9:00,28,7,638,,,,,,,00:11.1,
20200215,16:00,28,9,558,,,,,,,00:21.2,
20200216,9:00,29,9,577,,,,,,,04:04.0,
20200216,16:00,29,9,485,,,,,,,57:02.0,
20200217,9:00,30,9,408,,,,,,,53:13.1,
20200217,16:00,30,10,708,,,,,,,50:47.5,
20200218,9:00,31,10,957,,,,,,,04:38.4,
20200218,9:00,31,10,957,,,,,,,05:31.3,
20200218,16:00,31,12,818,,,,,,,42:00.0,
20200219,9:00,46,12,1030,,,,,,,53:08.1,
20200219,16:00,51,16,1149,,,,,,,00:13.1,
20200220,9:00,82,16,1633,,,,,,,01:31.3,
20200220,16:00,104,16,1860,1,,,,,,12:33.3,
20200221,9:00,156,16,2707,1,,,,,,58:51.5,
20200221,16:00,204,17,3180,1,,,,,,12:33.3,
20200221,16:00,204,17,3180,1,,,,,,13:21.2,
20200222,9:00,346,17,5481,2,,,,,,59:46.5,
20200222,16:00,433,18,6037,2,,,,,,00:28.3,
20200223,9:00,556,18,6039,4,,,,,,22:25.2,
20200223,16:00,602,18,8057,5,,,,,,05:12.1,
20200224,9:00,763,18,8725,7,,,,,,17:36.4,
20200224,16:00,833,22,11631,7,,,,,,03:50.5,
20200225,9:00,893,22,13273,8,,,,,,00:40.4,
20200225,16:00,977,22,13880,10,,,,,,02:03.0,
20200226,9:00,1146,22,16734,11,,,,,,02:05.0,
20200226,16:00,1261,24,20716,12,,,,,,00:43.4,
20200227,9:00,1595,24,21097,12,,,,,,19:35.3,
20200227,16:00,1766,26,25568,13,,,,,,32:06.1,
20200228,9:00,2022,26,24751,13,,,,,,32:34.3,34:23.2
20200228,16:00,2337,27,30237,13,,,,,,01:59.6,
20200229,9:00,2931,27,29154,16,,,,,,14:50.5,
20200229,16:00,3150,28,35182,17,,,,,,16:20.2,02:17.2
20200301,9:00,3526,30,32422,17,,,,,,06:32.3,
20200301,16:00,3736,30,33360,18,,,,,,41:45.4,
20200302,0:00,4212,31,33799,22,4159,71580,109591,75792,5.557314756,52:38.4,08:51.5
20200303,0:00,4812,34,35555,28,4750,85484,125851,90296,5.329139718,46:53.5,08:12.1
20200304,0:00,5328,41,28414,32,5255,102965,136707,108293,4.919985595,21:44.4,06:59.6
20200305,0:00,5766,88,21810,35,5643,118965,146541,124731,4.622748154,15:12.1,06:01.0
20200306,0:00,6284,108,21832,42,6134,136624,164740,142908,4.397234584,55:44.4,05:01.0
20200307,0:00,6767,118,19620,44,6605,151802,178189,158569,4.267542836,00:45.4,36:26.3
20200308,0:00,7134,130,19376,50,6954,162008,188518,169142,4.21775786,16:27.3,35:51.5
20200309,0:00,7382,166,17458,51,7165,171778,196618,179160,4.120339361,47:15.1,29:59.6
20200310,0:00,7513,247,18452,54,7212,184179,210144,191692,3.919308057,20:27.3,
20200311,0:00,7755,288,18540,60,7407,196100,222395,203855,3.804174536,17:19.2,
20200312,0:00,7869,333,17727,66,7470,209402,234998,217271,3.621744273,37:03.0,
20200313,0:00,7979,510,17940,67,7402,222728,248647,230707,3.458499309,07:22.2,
20200314,0:00,8086,714,17634,72,7300,235615,261335,243701,3.318000336,29:11.1,34:07.1
20200315,0:00,8162,834,16272,75,7253,243778,268212,251940,3.239660237,01:22.2,
20200316,0:00,8236,1137,14971,75,7024,251297,274504,259533,3.173392208,12:33.3,
20200317,0:00,8320,1401,17291,81,6838,261105,286716,269425,3.088057901,29:38.4,
20200318,0:00,8413,1540,16346,84,6789,270888,295647,279301,3.012162506,26:15.1,
20200319,0:00,8565,1947,15904,91,6527,282555,307024,291120,2.942085738,07:57.6,
20200320,0:00,8652,2233,15525,94,6325,292487,316664,301139,2.873091828,15:59.6,
20200321,0:00,8799,2612,15704,102,6085,303006,327509,311805,2.82195603,02:58.6,
20200322,0:00,8897,2909,14540,104,5884,308343,331780,317240,2.804501324,07:28.3,
20200323,0:00,8961,3166,13628,111,5684,315447,338036,324408,2.762262336,27:32.3,
20200324,0:00,9037,3507,15440,120,5410,324105,348582,333142,2.712657065,09:30.3,
20200324,0:00,9037,3507,15440,120,5410,324105,348582,333142,2.712657065,20:57.6,37:58.6
20200325,0:00,9137,3730,14278,126,5281,334481,357896,343618,2.659057442,12:04.0,
20200326,0:00,9241,4144,14369,131,4966,341332,364942,350573,2.635970254,40:50.5,
20200327,0:00,9332,4528,15219,139,4665,352410,376961,361742,2.579739151,17:01.0,
20200328,0:00,9478,4811,16564,144,4523,361883,387925,371361,2.552233541,30:06.1,
20200329,0:00,9583,5033,15028,152,4398,369530,394141,379113,2.527742388,10:20.2,
20200330,0:00,9661,5228,13531,158,4275,372002,395194,381663,2.531290694,32:34.3,
20200331,0:00,9786,5408,16892,162,4216,383886,410564,393672,2.485825764,00:44.4,43:15.1
20200401,0:00,9887,5567,16585,165,4155,395075,421547,404962,2.441463644,13:22.2,
20200402,0:00,9976,5828,17885,169,3979,403882,431743,413858,2.410488622,09:03.0,
20200402,0:00,9976,5828,17885,169,3979,403882,431743,413858,2.410488622,13:00.0,
20200403,0:00,10062,6021,18908,174,3867,414303,443273,424365,2.371072072,19:21.2,
20200404,0:00,10156,6325,20144,177,3654,424732,455032,434888,2.33531392,32:51.5,
20200405,0:00,10237,6463,19571,183,3591,431425,461233,441662,2.317835811,11:59.6,
20200406,0:00,10284,6598,19295,186,3500,437225,466804,447509,2.298054341,27:44.4,
20200407,0:00,10331,6694,20650,192,3445,446323,477304,456654,2.262325524,12:25.2,
20200408,0:00,10384,6776,17858,200,3408,457761,486003,468145,2.218116182,15:42.4,
20200409,0:00,10423,6973,15509,204,3246,468779,494711,479202,2.175074395,22:27.3,
20200410,0:00,10450,7117,15298,208,3125,477303,503051,487753,2.142477853,15:54.5,
20200411,0:00,10480,7243,14070,211,3026,485929,510479,496409,2.111162368,24:11.1,
20200412,0:00,10512,7368,13788,214,2930,490321,514621,500833,2.098903227,20:49.5,
20200413,0:00,10537,7447,13391,217,2873,494815,518743,505352,2.08508129,14:53.5,
20200414,0:00,10564,7534,14651,222,2808,502223,527438,512787,2.060114628,23:15.1,
20200415,0:00,10591,7616,15026,225,2750,508935,534552,519526,2.038589022,34:34.3,
20200416,0:00,10613,7757,14268,229,2627,513894,538775,524507,2.023423901,55:17.2,
20200417,0:00,10635,7829,14186,230,2576,521642,546463,532277,1.998019828,32:02.0,
20200418,0:00,10653,7937,13550,232,2484,530631,554834,541284,1.968098078,44:12.1,
20200419,0:00,10661,8042,12243,234,2385,536205,559109,546866,1.949472083,27:30.3,
20200420,0:00,10674,8114,11981,236,2324,540380,563035,551054,1.937015247,26:59.6,
20200421,0:00,10683,8213,12721,237,2233,547610,571014,558293,1.913511364,11:58.6,
20200422,0:00,10694,8277,12121,238,2179,555144,577959,565838,1.88994023,20:28.3,
20200423,0:00,10702,8411,10139,240,2051,563130,583971,573832,1.865005786,11:05.0,
20200424,0:00,10708,8501,9600,240,1967,569212,589520,579920,1.846461581,11:08.1,
20200425,0:00,12801,10718,9259,240,1843,575184,597244,587985,2.177096354,39:03.0,
20200425,0:00,10718,8635,9259,240,1843,575184,595161,585902,1.829316166,57:05.0,
20200425,0:00,10718,8635,9259,240,1843,575184,595161,585902,1.829316166,58:08.1,
20200426,0:00,10728,8717,8999,242,1769,578558,598285,589286,1.820508208,12:24.2,
20200427,0:00,10738,8764,8895,243,1731,582027,601660,592765,1.811510464,12:27.3,
20200428,0:00,10752,8854,9203,244,1654,588559,608514,599311,1.794060179,22:16.0,null
20200429,0:00,10761,8922,8307,246,1593,595129,614197,605890,1.776064962,26:00.3,null
20200430,0:00,10765,9059,8634,247,1459,600482,619881,611247,1.761153838,12:41.9,null
20200501,0:00,10774,9072,8685,248,1454,603610,623069,614384,1.753626397,24:38.0,null
20200502,0:00,10780,9123,8496,250,1407,608286,627562,619066,1.741332911,22:19.5,null
20200503,0:00,10793,9183,8588,250,1360,611592,630973,622385,1.734135623,54:37.4,null
20200504,0:00,10801,9217,8176,252,1332,614944,633921,625745,1.726102486,11:32.1,null
20200505,0:00,10804,9283,8858,254,1267,620575,640237,631379,1.711175063,20:41.1,null
20200506,0:00,10806,9333,8009,255,1218,624280,643095,635086,1.701501844,16:11.2,null
20200507,0:00,10810,9419,8429,256,1135,630149,649388,640959,1.686535332,43:55.6,null
20200508,0:00,10822,9484,8867,256,1082,635174,654863,645996,1.675242571,18:50.4,null
20200509,0:00,10840,9568,9153,256,1016,640037,660030,650877,1.665445238,17:14.7,null
20200510,0:00,10874,9610,10128,256,1008,642884,663886,653758,1.663306606,14:56.1,null
20200511,0:00,10909,9632,10922,256,1021,646661,668492,657570,1.658986876,25:58.1,null
20200512,0:00,10936,9670,16330,258,1008,653624,680890,664560,1.645600096,12:13.8,null
20200513,0:00,10962,9695,19579,259,1008,665379,695920,676341,1.62078005,41:14.6,null
20200514,0:00,10991,9762,20722,260,969,679771,711484,690762,1.591141377,18:24.7,null
20200515,0:00,11018,9821,19875,260,937,695854,726747,706872,1.558698039,33:33.8,null
20200516,0:00,11037,9851,18343,262,924,711265,740645,722302,1.528031211,19:43.6,40:31.4
20200517,0:00,11050,9888,17660,262,900,718943,747653,729993,1.513713145,12:11.3,null
20200518,0:00,11065,9904,16093,263,898,726053,753211,737118,1.501116511,18:09.2,null
20200519,0:00,11078,9938,16925,263,877,737571,765574,748649,1.479732158,22:38.5,null
20200520,0:00,11110,10066,16351,263,781,748972,776433,760082,1.461684397,13:17.2,null
20200521,0:00,11122,10135,18089,264,723,759473,788684,770595,1.443300307,24:06.6,null
20200522,0:00,11142,10162,20286,264,716,770990,802418,782132,1.42456772,15:38.1,null
20200523,0:00,11165,10194,21569,266,705,781686,814420,792851,1.408209109,34:53.9,null
20200524,0:00,11190,10213,20333,266,711,788766,820289,799956,1.398826935,29:09.7,null
20200525,0:00,11206,10226,19089,267,713,796142,826437,807348,1.388001209,27:08.0,null
20200526,0:00,11225,10275,22044,269,681,806206,839475,817431,1.373204589,12:48.7,null
20200527,0:00,11265,10295,21061,269,701,820550,852876,831815,1.354267475,16:33.1,null
20200528,0:00,11344,10340,22370,269,735,834952,868666,846296,1.340429353,11:27.9,null
20200529,0:00,11402,10363,24557,269,770,849161,885120,860563,1.324946576,10:53.1,null
20200530,0:00,11441,10398,26298,269,774,865162,902901,876603,1.305151819,12:26.8,null
20200531,0:00,11468,10405,23294,270,793,876060,910822,887528,1.292128248,22:37.9,null
20200601,0:00,11503,10422,24058,271,810,885830,921391,897333,1.281909837,13:09.7,null
20200602,0:00,11541,10446,28922,272,823,899388,939851,910929,1.266948357,15:46.2,null
20200603,0:00,11590,10467,27865,273,850,917397,956852,928987,1.247595499,25:46.3,null
20200604,0:00,11629,10499,28199,273,857,934030,973858,945659,1.229724457,27:45.9,null
20200605,0:00,11668,10506,28766,273,889,950526,990960,962194,1.212645267,56:50.9,null
20200606,0:00,11719,10531,27954,273,915,965632,1005305,977351,1.199057452,49:23.1,null
20200607,0:00,11776,10552,26481,273,951,974512,1012769,986288,1.193971741,20:09.0,null
20200608,0:00,11814,10563,24374,273,978,982026,1018214,993840,1.188722531,14:00.8,null
20200609,0:00,11852,10589,27459,274,989,996686,1035997,1008538,1.175166429,08:46.5,null
20200610,0:00,11902,10611,26223,276,1015,1013847,1051972,1025749,1.160322847,13:47.6,null
20200611,0:00,11947,10654,25494,276,1017,1029447,1066888,1041394,1.147212294,30:28.3,null
20200612,0:00,12003,10669,24244,277,1057,1045240,1081487,1057243,1.135311371,22:23.3,null
20200613,0:00,12051,10691,23352,277,1083,1059301,1094704,1071352,1.124840389,11:42.8,null
20200614,0:00,12085,10718,21356,277,1090,1066887,1100328,1078972,1.120047601,19:17.7,null
20200615,0:00,12121,10730,20793,277,1114,1072805,1105719,1084926,1.117219055,16:22.3,null
20200616,0:00,12155,10760,22632,278,1117,1084980,1119767,1097135,1.107885538,16:46.7,null
20200617,0:00,12198,10774,21489,279,1145,1099136,1132823,1111334,1.097599821,14:34.4,null
20200618,0:00,12257,10800,21714,280,1177,1111741,1145712,1123998,1.090482367,12:45.4,null
20200619,0:00,12306,10835,21190,280,1191,1124567,1158063,1136873,1.082442806,32:23.7,null
20200620,0:00,12373,10856,21470,280,1237,1137058,1170901,1149431,1.07644565,14:21.6,null
20200621,0:00,12421,10868,20071,280,1273,1143971,1176463,1156392,1.074116736,10:23.2,null
20200622,0:00,12438,10881,19403,280,1277,1150225,1182066,1162663,1.069785484,40:10.6,null
20200623,0:00,12484,10908,22278,281,1295,1161250,1196012,1173734,1.063614073,41:14.0,null
20200624,0:00,12535,10930,20245,281,1324,1175817,1208597,1188352,1.05482214,31:42.8,null
20200625,0:00,12563,10974,18900,282,1307,1189015,1220478,1201578,1.045541779,19:08.9,null
20200626,0:00,12602,11172,18828,282,1148,1200885,1232315,1213487,1.03849485,13:35.5,null
20200627,0:00,12653,11317,19866,282,1054,1211261,1243780,1223914,1.033814467,47:04.6,null
20200628,0:00,12715,11364,19005,282,1069,1219975,1251695,1232690,1.03148399,29:27.3,null
20200629,0:00,12757,11429,18499,282,1046,1228698,1259954,1241455,1.027584568,29:35.5,00:25.8
20200630,0:00,12800,11537,20809,282,981,1240157,1273766,1252957,1.021583342,19:14.2,null
20200701,0:00,12850,11613,19526,282,955,1252855,1285231,1265705,1.015244468,35:05.5,null
20200702,0:00,12904,11684,19782,282,938,1263276,1295962,1276180,1.011142629,27:02.5,null
20200703,0:00,12967,11759,21560,282,926,1273234,1307761,1286201,1.008162799,19:07.9,null
20200704,0:00,13030,11811,22321,283,936,1284172,1319523,1297202,1.00446962,13:42.5,null
20200705,0:00,13091,11832,21649,283,976,1291315,1326055,1304406,1.003598573,25:25.5,null
20200706,0:00,13137,11848,21292,284,1005,1297367,1331796,1310504,1.002438756,42:19.9,null
20200707,0:00,13181,11914,23675,285,982,1309338,1346194,1322519,0.996658649,15:15.3,null
20200708,0:00,13244,11970,24012,285,989,1322479,1359735,1335723,0.991522943,19:47.4,null
20200709,0:00,13293,12019,23912,287,987,1334566,1371771,1347859,0.986230756,50:30.0,null
20200710,0:00,13338,12065,23527,288,985,1348025,1384890,1361363,0.97975338,16:34.9,null
20200711,0:00,13373,12144,22950,288,941,1360618,1396941,1373991,0.973296041,24:19.5,null
20200712,0:00,13417,12178,21830,289,950,1366897,1402144,1380314,0.972025206,21:53.3,null
20200713,0:00,13479,12204,21845,289,986,1372988,1408312,1386467,0.972183254,20:51.9,null
20200714,0:00,13512,12282,24289,289,941,1382815,1420616,1396327,0.967681639,42:51.8,null
20200715,0:00,13551,12348,23297,289,914,1394468,1431316,1408019,0.96241599,38:15.0,null
20200716,0:00,13612,12396,23404,291,925,1404332,1441348,1417944,0.959981494,44:37.8,null
20200717,0:00,13672,12460,23110,293,919,1414235,1451017,1427907,0.957485326,40:48.7,null
20200718,0:00,13711,12519,22923,294,898,1423570,1460204,1437281,0.953954028,13:20.7,null
20200719,0:00,13745,12556,21953,295,894,1429601,1465299,1443346,0.952301111,19:04.1,null
20200720,0:00,13771,12572,21302,296,903,1435120,1470193,1448891,0.950451069,55:19.9,null
20200721,0:00,13816,12643,23864,296,877,1444710,1482390,1458526,0.947257711,07:32.3,null
20200722,0:00,13879,12698,21751,297,884,1456441,1492071,1470320,0.943944175,27:17.2,null
20200723,0:00,13938,12758,21418,297,883,1465498,1500854,1479436,0.942115779,38:02.3,null
20200724,0:00,13979,12817,20559,298,864,1475789,1510327,1489768,0.938334022,05:48.0,null
20200725,0:00,14092,12866,19681,298,928,1484861,1518634,1498953,0.940122872,19:50.2,null
20200726,0:00,14150,12890,19214,298,962,1489562,1522926,1503712,0.94100466,28:23.6,null
20200727,0:00,14175,12905,18770,299,971,1494029,1526974,1508204,0.939859595,35:55.4,null
20200728,0:00,14203,13007,20444,300,896,1503057,1537704,1517260,0.93609533,31:12.1,null
20200729,0:00,14251,13069,19326,300,882,1513730,1547307,1527981,0.932668665,44:55.2,null
20200730,0:00,14269,13132,19018,300,837,1522928,1556215,1537197,0.928247973,11:23.0,14:10.8
20200731,0:00,14305,13183,18330,301,821,1531161,1563796,1545466,0.925610787,36:44.9,null
20200801,0:00,14336,13233,18278,301,802,1539216,1571830,1553552,0.922788552,20:04.0,null
20200802,0:00,14366,13259,17768,301,806,1544112,1576246,1558478,0.921796779,17:01.0,null
20200803,0:00,14389,13280,17401,301,808,1547967,1579757,1562356,0.920980878,22:38.4,null
20200804,0:00,14423,13352,18724,301,770,1556633,1589780,1571056,0.918044933,49:58.6,null
20200805,0:00,14456,13406,18490,302,748,1565241,1598187,1579697,0.915112202,20:58.2,null
20200806,0:00,14499,13501,18031,302,696,1573957,1606487,1588456,0.912773158,22:46.9,null
20200807,0:00,14519,13543,17068,303,673,1582065,1613652,1596584,0.909379024,11:42.7,null
20200808,0:00,14562,13629,16105,304,629,1589847,1620514,1604409,0.907623929,18:57.2,null
20200809,0:00,14598,13642,16803,305,651,1593249,1624650,1607847,0.907922209,42:31.5,null
20200810,0:00,14626,13658,16396,305,663,1597281,1628303,1611907,0.907372448,37:49.2,null
20200811,0:00,14660,13729,17489,305,626,1605695,1637844,1620355,0.904740011,28:37.0,null
20200812,0:00,14714,13786,17375,305,623,1614563,1646652,1629277,0.903099964,41:22.2,null
20200813,0:00,14770,13817,17798,305,648,1622330,1654898,1637100,0.902205119,26:12.7,null
20200814,0:00,14873,13863,20132,305,705,1630079,1665084,1644952,0.904160121,25:20.2,null
20200815,0:00,15039,13901,21618,305,833,1638639,1675296,1653678,0.909427349,04:10.1,null
20200816,0:00,15318,13910,22005,305,1103,1644464,1681787,1659782,0.922892283,33:30.8,null
20200817,0:00,15515,13917,22964,305,1293,1649991,1688470,1665506,0.931548731,12:22.9,null
20200818,0:00,15761,13934,25219,306,1521,1656062,1697042,1671823,0.942743341,13:01.5,null
20200819,0:00,16058,14006,31022,306,1746,1667984,1715064,1684042,0.953539164,12:19.4,null
20200820,0:00,16346,14063,34998,307,1976,1682739,1734083,1699085,0.96204722,13:52.6,null
20200821,0:00,16670,14120,38045,309,2241,1699408,1754123,1716078,0.971401067,21:09.8,null
20200822,0:00,17002,14169,42427,309,2524,1716371,1775800,1733373,0.980862169,15:55.5,null
20200823,0:00,17399,14200,47564,309,2890,1726223,1791186,1743622,0.997865363,21:59.5,null
20200824,0:00,17665,14219,47995,309,3137,1738762,1804422,1756427,1.005734938,17:43.8,null
20200825,0:00,17945,14286,50362,310,3349,1757530,1825837,1775475,1.010715442,23:00.2,null
20200826,0:00,18265,14368,52795,312,3585,1778446,1849506,1796711,1.016579739,20:54.1,null
20200827,0:00,18706,14461,52041,313,3932,1798832,1869579,1817538,1.029194438,15:47.3,null
20200828,0:00,19077,14551,50711,316,4210,1817929,1887717,1837006,1.038483271,39:46.1,null
20200829,0:00,19400,14765,54046,321,4314,1835883,1909329,1855283,1.045662575,56:02.1,null
20200830,0:00,19699,14903,58021,323,4473,1846450,1924170,1866149,1.055596311,37:35.2,null
20200831,0:00,19947,14973,57876,324,4650,1859866,1937689,1879813,1.061116185,32:30.2,null
20200901,0:00,20182,15198,56743,324,4660,1882155,1959080,1902337,1.060905612,32:28.2,null
20200902,0:00,20449,15356,56748,326,4767,1903098,1980295,1923547,1.063088139,20:17.6,null
20200903,0:00,20644,15529,55524,329,4786,1924384,2000552,1945028,1.061372895,37:35.8,null
20200904,0:00,20842,15783,52266,331,4728,1945798,2018906,1966640,1.059777082,46:40.7,null
20200905,0:00,21010,16009,52077,333,4668,1963958,2037045,1984968,1.05845535,34:11.9,null
20200906,0:00,21177,16146,49621,334,4697,1975137,2045935,1996314,1.060805064,48:30.8,null
20200907,0:00,21296,16297,47109,336,4663,1982892,2051297,2004188,1.062574968,34:32.0,null
20200908,0:00,21432,16636,43370,341,4455,2001276,2066078,2022708,1.059569646,34:17.3,null
20200909,0:00,21588,17023,36533,344,4221,2024113,2082234,2045701,1.055286183,04:44.8,null
20200910,0:00,21743,17360,33018,346,4037,2044830,2099591,2066573,1.05212833,43:44.8,null
20200911,0:00,21919,17616,29423,350,3953,2067869,2119211,2089788,1.048862373,34:22.3,null
20200912,0:00,22055,18029,27826,355,3671,2085576,2135457,2107631,1.046435548,03:19.8,null
20200913,0:00,22176,18226,27705,358,3592,2093389,2143270,2115565,1.048230615,05:38.7,null
20200914,0:00,22285,18489,27476,363,3433,2101241,2151002,2123526,1.049433819,54:39.9,null
20200915,0:00,22391,18878,27310,367,3146,2114877,2164578,2137268,1.047645873,48:41.8,null
20200916,0:00,22504,19310,25842,367,2827,2130486,2178832,2152990,1.045244056,37:10.6,null
20200917,0:00,22657,19543,25508,372,2742,2143727,2191892,2166384,1.045844135,09:16.9,null
20200918,0:00,22783,19771,25403,377,2635,2158179,2206365,2180962,1.044630764,58:09.8,null
20200919,0:00,22893,19970,24705,378,2545,2171564,2219162,2194457,1.043219348,09:15.9,null
20200920,0:00,22975,20158,24274,383,2434,2179452,2226701,2202427,1.043167379,52:54.0,null
20200921,0:00,23045,20248,22536,385,2412,2186008,2231589,2209053,1.043207202,01:43.0,null
20200922,0:00,23106,20441,23222,388,2277,2198784,2245112,2221890,1.039925469,08:48.1,null
20200923,0:00,23216,20650,20527,388,2178,2213156,2256899,2236372,1.038109939,10:59.6,null
20200924,0:00,23341,20832,20782,393,2116,2224876,2268999,2248217,1.038200494,06:21.9,null
20200925,0:00,23455,20978,19575,395,2082,2237246,2280276,2260701,1.037510047,56:13.8,null
20200926,0:00,23516,21166,18508,399,1951,2248321,2290345,2271837,1.035109473,01:53.3,null
20200927,0:00,23611,21248,18878,401,1962,2254028,2296517,2277639,1.036643647,12:36.1,null
20200928,0:00,23661,21292,18587,406,1963,2259055,2301303,2282716,1.036528416,25:15.4,null
20200929,0:00,23699,21470,20056,407,1822,2269289,2313044,2292988,1.03354226,40:16.8,null
20200930,0:00,23812,21590,20596,413,1809,2278591,2322999,2302403,1.034223809,32:00.2,null
20201001,0:00,23889,21666,20029,415,1808,2284517,2328435,2308406,1.034869949,38:23.4,null
20201002,0:00,23952,21733,19995,416,1803,2289830,2333777,2313782,1.035188276,51:40.6,null
20201003,0:00,24027,21787,21287,420,1820,2294545,2339859,2318572,1.036284403,49:45.7,null
20201004,0:00,24091,21845,22116,421,1825,2300138,2346345,2324229,1.036515765,35:29.5,null
20201005,0:00,24164,21886,22447,422,1856,2305767,2352378,2329931,1.037112258,32:34.4,null
20201006,0:00,24239,22083,22737,422,1734,2318457,2365433,2342696,1.034662628,39:50.7,null
20201007,0:00,24353,22334,22138,425,1594,2331582,2378073,2355935,1.033687262,42:43.6,null
20201008,0:00,24422,22463,20978,427,1532,2343444,2388844,2367866,1.031392824,01:47.6,null
20201009,0:00,24476,22569,20699,428,1479,2355058,2400233,2379534,1.02860476,37:05.2,null
20201010,0:00,24548,22624,18982,430,1494,2361154,2404684,2385702,1.028963383,39:43.1,null
20201011,0:00,24606,22693,19303,432,1481,2366574,2410483,2391180,1.029031691,32:37.4,null
20201012,0:00,24703,22729,19192,433,1541,2371715,2415610,2396418,1.030830181,41:37.5,null
20201013,0:00,24805,22863,20124,434,1508,2383842,2428771,2408647,1.02983127,40:11.1,null
20201014,0:00,24889,23030,18396,438,1421,2398169,2441454,2423058,1.027173101,35:05.1,null
20201015,0:00,24988,23082,18262,439,1467,2407489,2450739,2432477,1.027265623,39:50.8,null
20201016,0:00,25035,23180,17355,441,1414,2417036,2459426,2442071,1.025154469,34:40.2,null
20201017,0:00,25108,23258,17318,443,1407,2426101,2468527,2451209,1.02431086,49:12.3,null
20201018,0:00,25199,23312,17781,444,1443,2431549,2474529,2456748,1.025705526,33:55.9,null
20201019,0:00,25275,23368,16763,444,1463,2437188,2479226,2462463,1.026411361,42:35.6,null
20201020,0:00,25333,23466,19379,447,1420,2446599,2491311,2471932,1.024825926,32:53.4,null
20201021,0:00,25424,23584,19493,450,1390,2458574,2503491,2483998,1.023511291,34:27.4,null
20201022,0:00,25543,23647,19813,453,1443,2469969,2515325,2495512,1.02355749,41:20.7,null
20201023,0:00,25698,23717,20430,455,1526,2482493,2528621,2508191,1.024563121,37:38.2,null
20201024,0:00,25775,23834,21888,457,1484,2493016,2540679,2518791,1.023308405,28:45.5,null
20201025,0:00,25836,23869,21682,457,1510,2498628,2546146,2524464,1.023425171,35:31.9,null
20201026,0:00,25955,23905,20763,457,1593,2505546,2552264,2531501,1.025281049,38:40.8,null
20201027,0:00,26043,23981,23003,460,1602,2518541,2567587,2544584,1.023467883,38:15.4,null
20201028,0:00,26146,24073,22904,461,1612,2533910,2582960,2560056,1.021305784,35:22.9,null
20201029,0:00,26271,24168,26148,462,1641,2545559,2597978,2571830,1.021490534,37:57.2,null
20201030,0:00,26385,24227,26373,463,1695,2559473,2612231,2585858,1.020357653,31:55.5,null
20201031,0:00,26511,24311,25678,464,1736,2572303,2624492,2598814,1.020119177,35:22.8,null
20201101,0:00,26635,24357,24838,466,1812,2579157,2630630,2605792,1.02214605,41:40.0,null
20201102,0:00,26732,24395,25524,468,1869,2584394,2636650,2611126,1.023772886,35:09.9,null
20201103,0:00,26807,24510,25815,472,1825,2597237,2649859,2624044,1.021591101,30:37.1,null
20201104,0:00,26925,24616,24255,474,1835,2611080,2662260,2638005,1.020657656,37:25.1,null
20201105,0:00,27050,24735,25062,475,1840,2621594,2673706,2648644,1.021277303,51:34.9,52:58.7
20201106,0:00,27195,24821,25629,476,1898,2633490,2686314,2660685,1.02210521,24:23.7,null
20201107,0:00,27284,24910,26217,477,1897,2643748,2697249,2671032,1.021477841,40:32.3,null
20201108,0:00,27427,24968,25648,478,1981,2649805,2702880,2677232,1.024453615,34:44.6,null
20201109,0:00,27553,25029,25802,480,2044,2655844,2709199,2683397,1.026795513,36:39.8,null
20201110,0:00,27653,25160,27855,485,2008,2668452,2723960,2696105,1.025664802,37:03.0,null
20201111,0:00,27799,25266,28688,487,2046,2680047,2736534,2707846,1.026609342,35:35.4,null
20201112,0:00,27942,25404,29284,487,2051,2692546,2749772,2720488,1.027095139,39:23.8,null
20201113,0:00,28133,25537,30119,488,2108,2703159,2761411,2731292,1.030025351,35:49.8,null
20201114,0:00,28338,25636,34692,492,2210,2714259,2777289,2742597,1.033254248,31:38.2,null
20201115,0:00,28546,25691,36378,493,2362,2721954,2786878,2750500,1.037847664,40:16.2,null
20201116,0:00,28769,25759,38314,494,2516,2730608,2797691,2759377,1.042590411,34:22.2,null
20201117,0:00,28998,25860,41202,494,2644,2745555,2815755,2774553,1.045141325,38:28.6,null
20201118,0:00,29311,25973,42688,496,2842,2762363,2834362,2791674,1.049943511,34:00.9,null
20201119,0:00,29654,26098,45525,498,3058,2778664,2853843,2808318,1.055934549,32:40.7,null
20201120,0:00,30017,26263,48143,501,3253,2795283,2873443,2825300,1.062435848,35:51.1,null
20201121,0:00,30403,26365,51345,503,3535,2814998,2896746,2845401,1.068496145,35:35.2,null
20201122,0:00,30733,26466,54029,505,3762,2824128,2908890,2854861,1.076514759,35:12.4,null
20201123,0:00,31004,26539,56455,509,3956,2834676,2922135,2865680,1.081907261,33:25.0,null
20201124,0:00,31353,26722,57769,510,4121,2857277,2946399,2888630,1.085393422,33:23.2,null
20201125,0:00,31735,26825,55838,513,4397,2878832,2966405,2910567,1.090337381,32:47.7,null
20201126,0:00,32318,26950,55361,515,4853,2900367,2988046,2932685,1.101993566,44:15.7,null
20201127,0:00,32887,27103,56637,516,5268,2920053,3009577,2952940,1.113703631,39:01.7,null
20201128,0:00,33375,27349,58794,522,5504,2939835,3032004,2973210,1.122524141,31:45.9,null
20201129,0:00,33824,27542,62829,523,5759,2950318,3046971,2984142,1.133458126,33:56.0,null
20201130,0:00,34201,27625,63365,526,6050,2963606,3061172,2997807,1.140867307,29:16.1,null
20201201,0:00,34652,27885,64892,526,6241,2984453,3083997,3019105,1.147757365,36:29.4,null
20201202,0:00,35163,28065,65154,526,6572,3006653,3106970,3041816,1.155987081,35:32.9,null
20201203,0:00,35703,28352,65788,529,6822,3030395,3131886,3066098,1.164444189,49:33.8,null
20201204,0:00,36332,28611,64017,536,7185,3057061,3157410,3093393,1.174503207,44:32.7,null
20201205,0:00,36915,28917,66267,540,7458,3077314,3180496,3114229,1.185365623,15:39.6,null
20201206,0:00,37546,29128,67716,545,7873,3089605,3194867,3127151,1.200645572,48:54.8,null
20201207,0:00,38161,29301,68010,549,8311,3103205,3209376,3141366,1.214789999,30:10.8,null
20201208,0:00,38755,29650,71274,552,8553,3111296,3221325,3150051,1.230297541,29:46.8,null
20201209,0:00,39432,30177,75080,556,8699,3138724,3253236,3178156,1.240719461,44:25.8,null
20201208,0:00,38746,29650,71274,552,8544,3111297,3221317,3150043,1.230014955,28:44.4,null
20201210,0:00,40098,30637,72764,564,8897,3165085,3277947,3205183,1.251036212,27:13.2,null
20201211,0:00,40786,31157,77688,572,9057,3192739,3311213,3233525,1.26134791,33:06.4,null
20201212,0:00,41736,31493,86742,578,9665,3221386,3349864,3263122,1.279020521,19:01.4,null
20201213,0:00,42766,31814,90129,580,10372,3241700,3374595,3284466,1.302068586,48:22.0,null
20201214,0:00,43484,32102,89247,587,10795,3264308,3397039,3307792,1.314592937,38:10.0,null
20201215,0:00,44364,32559,93473,600,11205,3303383,3441220,3347747,1.325189747,34:38.4,null
20201216,0:00,45442,32947,94784,612,11883,3348543,3488769,3393985,1.33889808,37:53.6,null
20201217,0:00,46453,33610,99258,634,12209,3393129,3538840,3439582,1.350542014,34:22.9,null
20201218,0:00,47515,33982,110618,645,12888,3431662,3589795,3479177,1.365696543,36:49.7,null
20201219,0:00,48570,34334,126233,659,13577,3471444,3646247,3520014,1.379824058,39:06.6,null
20201219,0:00,48570,34334,126233,659,13577,3471444,3646247,3520014,1.379824058,32:55.5,null
20201220,0:00,49665,34722,139475,674,14269,3493954,3683094,3543619,1.401533291,32:54.3,null
20201221,0:00,50591,35155,146438,698,14738,3516832,3713861,3567423,1.418138527,35:07.8,null
20201222,0:00,51460,35928,151129,722,14810,3569843,3772432,3621303,1.421035467,35:08.2,null
20201223,0:00,52550,36726,153109,739,15085,3620912,3826571,3673462,1.430530655,35:51.8,null
20201224,0:00,53533,37425,150533,756,15352,3678144,3882210,3731677,1.434556099,37:42.3,null
20201225,0:00,54770,38048,156789,773,15949,3727798,3939357,3782568,1.447958107,19:59.4,null
20201226,0:00,55902,38532,157012,793,16577,3756501,3969415,3812403,1.466319274,35:23.1,null
20201227,0:00,56872,39040,166976,808,17024,3782564,4006412,3839436,1.481259227,32:40.3,null
20201228,0:00,57680,39268,169878,819,17593,3810749,4038307,3868429,1.491044556,40:11.2,null
20201229,0:00,58725,40703,170962,859,17163,3868494,4098181,3927219,1.495332957,37:33.0,null
20201230,0:00,59773,41435,171771,879,17459,3927978,4159522,3987751,1.498915053,35:46.3,null
20201231,0:00,60740,42271,170338,900,17569,3982802,4213880,4043542,1.502148364,35:07.5,null
20210101,0:00,61769,42953,176927,917,17899,4030622,4269318,4092391,1.509362131,36:53.7,null
20210102,0:00,62593,43578,179387,942,18073,4060819,4302799,4123412,1.517990441,34:52.8,null
20210103,0:00,63244,44507,186472,962,17775,4091122,4340838,4154366,1.522350221,31:48.7,null
20210104,0:00,64264,45240,190732,981,18043,4121612,4376608,4185876,1.535258092,33:08.9,null
20210105,0:00,64979,46172,193751,1007,17800,4180631,4439361,4245610,1.530498562,35:18.7,null
20210106,0:00,65818,46995,192082,1027,17796,4246968,4504868,4312786,1.526113283,35:00.4,null
20210107,0:00,66686,47649,191762,1046,17991,4311361,4569809,4378047,1.523190592,38:10.2,null
20210108,0:00,67358,48369,190452,1081,17908,4372194,4630004,4439552,1.517225161,37:55.1,null
20210109,0:00,67999,49324,185923,1100,17575,4435694,4689616,4503693,1.509849805,41:10.9,null
20210110,0:00,68664,50409,191454,1125,17130,4463346,4723464,4532010,1.515089331,25:25.6,null
20210111,0:00,69114,52552,189763,1140,15422,4492808,4751685,4561922,1.515019327,40:23.4,null
20210112,0:00,69651,53569,186770,1165,14917,4557664,4814085,4627315,1.505214147,36:03.3,null
20210113,0:00,70212,54636,182914,1185,14391,4619186,4872312,4689398,1.497249754,37:24.1,null
20210114,0:00,70728,55772,169742,1195,13761,4684889,4925359,4755617,1.487251812,35:43.9,null
20210115,0:00,71241,56536,162323,1217,13488,4744511,4978075,4815752,1.479332823,39:30.2,null
20210116,0:00,71820,57554,155639,1236,13030,4804811,5032270,4876631,1.472738044,49:04.5,null
20210117,0:00,72340,58253,159385,1249,12838,4829565,5061290,4901905,1.475752794,42:29.3,null
20210118,0:00,72729,58723,158035,1264,12742,4856456,5087220,4929185,1.475477183,38:38.4,null
20210119,0:00,73115,59468,154345,1283,12364,4912866,5140326,4985981,1.466411525,39:49.6,null
20210120,0:00,73518,60180,148141,1300,12038,4970470,5192129,5043988,1.457537171,38:16.5,null
20210121,0:00,73918,60846,141070,1316,11756,5022620,5237608,5096538,1.450357086,39:24.1,null
20210122,0:00,74262,61415,133132,1328,11519,5074830,5282224,5149092,1.442234864,36:14.4,null
20210123,0:00,74692,62044,136629,1337,11311,5118386,5329707,5193078,1.438299213,40:55.8,29:19.1
20210124,0:00,75084,62530,135765,1349,11205,5143500,5354349,5218584,1.438781095,31:28.6,null
20210125,0:00,75521,62956,134549,1360,11205,5166016,5376086,5241537,1.440817836,38:09.0,null
20210126,0:00,75875,64793,138624,1371,9711,5208269,5422768,5284144,1.435899552,41:15.1,null
20210127,0:00,76429,65478,138427,1378,9573,5254391,5469247,5330820,1.43371939,45:38.8,null
20210128,0:00,76926,66016,139424,1386,9524,5305839,5522189,5382765,1.42911682,38:09.6,null
20210129,0:00,77395,66503,142753,1399,9493,5349116,5569264,5426511,1.426238701,37:53.6,null
20210201,0:00,78508,68309,149456,1425,8774,5433878,5661842,5512386,1.424210859,15:02.0,null
20210202,0:00,78844,68775,154265,1435,8634,5478304,5711413,5557148,1.418785319,36:54.1,null
20210203,0:00,79311,69299,138849,1441,8571,5538554,5756714,5617865,1.411764078,31:25.6,null
20210204,0:00,79762,69704,120538,1448,8610,5602795,5803095,5682557,1.403628683,37:28.1,null
20210205,0:00,80131,70117,107457,1459,8555,5659590,5847178,5739721,1.396078311,33:36.7,null
20210206,0:00,80524,70505,97677,1464,8555,5715152,5893353,5795676,1.389380635,32:30.8,null
20210207,0:00,80896,70865,90751,1471,8560,5745328,5916975,5826224,1.388480772,36:08.2,null
20210208,0:00,81185,71218,84843,1474,8493,5772169,5938197,5853354,1.386982574,33:37.1,null
20210209,0:00,81487,71676,82630,1482,8329,5823289,5987406,5904776,1.38001848,31:54.7,null
20210210,0:00,81930,72226,80076,1486,8218,5868017,6030023,5949947,1.376987056,33:33.9,null
20210211,0:00,82434,72638,81614,1496,8300,5905960,6070008,5988394,1.376562731,31:14.2,null
20210212,0:00,82837,72936,80861,1507,8394,5929671,6093369,6012508,1.377744529,31:24.4,null
20210213,0:00,83199,73227,70251,1514,8458,5961887,6115337,6045086,1.376307963,09:06.2,null
20210214,0:00,83525,73559,78200,1522,8444,5978361,6140086,6061886,1.377871507,31:30.4,null
20210215,0:00,83869,73794,80146,1527,8548,5998845,6162860,6082714,1.378808867,32:45.2,null
20210216,0:00,84325,74551,76897,1534,8240,6052268,6213490,6136593,1.374133823,31:35.0,null
20210217,0:00,84946,75360,72410,1538,8048,6103211,6260567,6188157,1.372718889,36:03.0,null
20210218,0:00,85567,75896,70720,1544,8127,6146927,6303214,6232494,1.372917487,31:33.6,null
20210219,0:00,86128,76513,71116,1550,8065,6188748,6345992,6274876,1.372584893,33:30.8,null
20210220,0:00,86576,77083,76137,1553,7940,6227918,6390631,6314494,1.371067896,40:36.9,49:59.9
20210221,0:00,86992,77516,73356,1557,7919,6250992,6411340,6337984,1.37255001,34:28.3,null
20210222,0:00,87324,77887,72461,1562,7875,6269359,6429144,6356683,1.373735327,30:56.5,null
20210223,0:00,87681,78394,74065,1573,7714,6310933,6472679,6398614,1.370312383,31:45.9,null
20210224,0:00,88120,79050,74988,1576,7494,6347880,6510988,6436000,1.3691734,33:42.1,null
20210225,0:00,88516,79487,68672,1581,7448,6394026,6551214,6482542,1.365452009,31:53.3,null
20210226,0:00,88922,79880,68942,1585,7457,6432202,6590066,6521124,1.363599281,32:51.7,null
20210227,0:00,89321,80333,68989,1595,7393,6468905,6627215,6558226,1.361968923,37:27.2,null
20210228,0:00,89676,80697,72889,1603,7376,6486441,6649006,6576117,1.363661869,24:54.7,null
20210301,0:00,90029,81070,73745,1605,7354,6501981,6665755,6592010,1.365729118,48:21.4,null
20210302,0:00,90372,81338,73432,1606,7428,6518172,6681976,6608544,1.367502433,32:41.9,null
20210303,0:00,90816,81700,65867,1612,7504,6559520,6716203,6650336,1.365585137,33:02.8,null
20210304,0:00,91240,82162,60089,1619,7459,6600571,6751900,6691811,1.363457515,33:24.0,null
20210305,0:00,91638,82560,63707,1627,7451,6633666,6789011,6725304,1.362585245,41:54.9,null
20210306,0:00,92055,82913,65171,1632,7510,6664717,6821943,6756772,1.362410926,40:17.6,null
20210307,0:00,92471,83220,66396,1634,7617,6684259,6843126,6776730,1.364537174,52:34.2,null
20210308,0:00,92817,83474,67394,1642,7701,6701598,6861809,6794415,1.366077874,31:46.6,null
20210309,0:00,93263,83900,70501,1645,7718,6739220,6902984,6832483,1.364994249,52:46.9,null
20210310,0:00,93733,84312,70278,1648,7773,6774873,6938884,6868606,1.364658273,45:29.2,null
20210311,0:00,94198,84675,68248,1652,7871,6814539,6976985,6908737,1.363461947,39:02.2,null
20210312,0:00,94686,85743,68738,1662,7281,6849240,7012664,6943926,1.363580199,49:58.1,null
20210313,0:00,95176,86625,67874,1667,6884,6883732,7046782,6978908,1.363766366,36:41.9,null
20210314,0:00,95635,87408,69843,1669,6558,6900923,7066401,6996558,1.366886403,42:57.6,null
20210315,0:00,96017,87754,71590,1675,6588,6917333,7084940,7013350,1.369060435,51:09.4,null
20210316,0:00,96380,88255,78044,1678,6447,6951653,7126077,7048033,1.367473733,36:13.5,null
20210317,0:00,96849,88814,83462,1686,6349,6991199,7171510,7088048,1.366370544,31:37.8,null
20210318,0:00,97294,89178,89722,1688,6428,7031071,7218087,7128365,1.364885216,38:41.0,null
20210319,0:00,97757,89523,88341,1690,6544,7078843,7264941,7176600,1.362163141,32:03.9,null
20210320,0:00,98209,89949,93018,1693,6567,7117723,7308950,7215932,1.361002293,31:53.1,null
20210321,0:00,98665,90328,98308,1696,6641,7135741,7332714,7234406,1.363830009,53:34.8,null
20210322,0:00,99075,90611,103132,1697,6767,7153757,7355964,7252832,1.366018129,04:58.0,null
20210323,0:00,99421,91079,100172,1704,6638,7201397,7400990,7300818,1.361778913,32:11.0,null
20210324,0:00,99846,91560,94326,1707,6579,7247038,7441210,7346884,1.359025132,35:12.4,null
20210325,0:00,100276,92068,86983,1709,6499,7298600,7485859,7398876,1.355286938,34:48.9,null
20210326,0:00,100770,92630,77409,1716,6424,7351224,7529403,7451994,1.352255517,33:28.3,null
20210327,0:00,101275,93475,75174,1721,6079,7396119,7572568,7497394,1.350802692,53:35.0,null
20210328,0:00,101757,93855,78605,1722,6180,7415234,7595596,7516991,1.353693253,17:23.4,null
20210329,0:00,102141,94124,78938,1726,6291,7435252,7616331,7537393,1.355123715,41:58.0,null
20210330,0:00,102582,94563,78424,1729,6290,7482993,7663999,7585575,1.352329916,39:54.6,null
20210331,0:00,103088,95030,71302,1731,6327,7533410,7707800,7636498,1.349938152,32:59.9,null
20210401,0:00,103639,95439,68659,1735,6465,7575005,7747303,7678644,1.349704453,32:19.5,null
20210402,0:00,104194,95861,70752,1737,6596,7613349,7788295,7717543,1.350092899,54:00.1,null
20210403,0:00,104736,96196,75288,1740,6800,7649577,7829601,7754313,1.350680583,34:03.8,null
20210404,0:00,105279,96589,79799,1744,6946,7664398,7849476,7769677,1.354998412,45:05.1,null
20210405,0:00,105752,96900,80497,1748,7104,7682571,7868820,7788323,1.357827609,44:27.2,null
20210406,0:00,106230,97363,79155,1752,7115,7735905,7921290,7842135,1.354605602,31:57.5,null
20210407,0:00,106898,97928,74642,1756,7214,7784627,7966167,7891525,1.354592427,37:25.0,null
20210408,0:00,107598,98360,77994,1758,7480,7826829,8012421,7934427,1.356090364,30:58.8,null
20210409,0:00,108269,98786,81912,1764,7719,7868932,8059113,7977201,1.357230437,33:53.3,null
20210410,0:00,108945,99301,90014,1765,7879,7907671,8106630,8016616,1.358989878,36:31.9,null
20210411,0:00,109559,100109,91909,1768,7682,7928064,8129532,8037623,1.363077119,36:07.6,null
20210412,0:00,110146,100804,95248,1770,7572,7947389,8152783,8057535,1.366993752,36:52.6,null
20210413,0:00,110688,101332,85584,1775,7581,8004247,8200519,8114935,1.364003532,36:30.7,null
20210414,0:00,111419,101983,74627,1782,7654,8059342,8245388,8170761,1.363630634,33:58.7,null
20210415,0:00,112117,102513,70221,1788,7816,8108788,8291126,8220905,1.36380362,38:50.3,null
20210416,0:00,112789,103062,70883,1790,7937,8149660,8333332,8262449,1.36507953,32:10.7,null
20210417,0:00,113444,103594,71039,1794,8056,8193296,8377779,8306740,1.365686178,40:16.6,null
20210418,0:00,114115,104006,72191,1797,8312,8209761,8396067,8323876,1.370935848,30:45.0,null
20210419,0:00,114646,104474,70763,1801,8371,8229412,8414821,8344058,1.373983738,39:21.5,null
20210420,0:00,115195,105227,66590,1802,8166,8276807,8458592,8392002,1.372676031,34:02.8,null
20210420,0:00,115195,105227,66590,1802,8166,8276807,8458592,8392002,1.372676031,31:52.3,null
20210421,0:00,115926,105877,67211,1806,8243,8314457,8497594,8430383,1.375097668,36:56.7,null
20210422,0:00,116661,106459,67139,1808,8394,8353705,8537505,8470366,1.377284051,31:58.2,null
20210423,0:00,117458,107071,69939,1811,8576,8396133,8583530,8513591,1.37965284,51:40.5,null
20210424,0:00,118243,107781,78269,1812,8650,8436411,8632923,8554654,1.382206691,38:23.8,null
20210427,0:00,119898,109695,76508,1820,8383,8525203,8721609,8645101,1.386889523,34:47.4,null
20210428,0:00,120673,110248,77166,1821,8604,8568659,8766498,8689332,1.38874887,33:01.9,null
20210429,0:00,121351,110787,80392,1825,8739,8604036,8805779,8725387,1.390780718,32:46.3,null
20210430,0:00,122007,111422,82511,1828,8757,8643774,8848292,8765781,1.391855443,33:44.2,null
20210501,0:00,122634,112337,85212,1831,8466,8675542,8883388,8798176,1.39385709,17:27.2,null
20210502,0:00,123240,112865,86607,1833,8542,8688387,8898234,8811627,1.398606636,23:20.6,null
20210503,0:00,123728,113356,89022,1834,8538,8702576,8915326,8826304,1.401809863,31:59.9,null
20210504,0:00,124269,114128,78096,1840,8301,8754790,8957155,8879059,1.399573986,46:01.6,null
20210505,0:00,124945,114944,78995,1847,8154,8790129,8994069,8915074,1.401502668,37:42.2,null
20210506,0:00,125519,115491,77055,1851,8177,8808418,9010992,8933937,1.404968493,34:55.5,null
20210507,0:00,126044,116022,78896,1860,8162,8846414,9051354,8972458,1.404787852,38:57.8,null
20210508,0:00,126745,116881,78259,1865,7999,8884162,9089166,9010907,1.406573167,37:54.1,null
20210509,0:00,127309,117423,81280,1874,8012,8897182,9105771,9024491,1.410705601,38:01.1,null
20210510,0:00,127772,117844,83398,1875,8053,8910889,9122059,9038661,1.413616464,36:30.3,null
20210511,0:00,128283,118717,84628,1879,7687,8951373,9164284,9079656,1.412861897,39:41.2,null
20210512,0:00,128918,119373,84279,1884,7661,8988342,9201539,9117260,1.413999381,38:47.8,null
20210513,0:00,129633,119906,87517,1891,7836,9024003,9241153,9153636,1.416191336,41:10.7,null
20210514,0:00,130380,120395,95208,1893,8092,9055703,9281291,9186083,1.419320945,44:47.5,null
20210515,0:00,131061,121282,99216,1896,7883,9088817,9319094,9219878,1.42150471,38:53.6,null
20210516,0:00,131671,121764,101663,1900,8007,9103280,9336614,9234951,1.425789915,26:31.6,null
20210517,0:00,132290,122163,101804,1903,8224,9119206,9353300,9251496,1.4299309,39:34.2,null
20210518,0:00,132818,122631,103413,1904,8283,9158773,9395004,9291591,1.429443031,41:35.4,null
20210519,0:00,133471,123237,104494,1912,8322,9190679,9428644,9324150,1.431454878,39:48.2,null
20210520,0:00,134117,123659,108873,1916,8542,9204368,9447358,9338485,1.43617514,35:45.5,null
20210521,0:00,134678,124158,114144,1922,8598,9238286,9487108,9372964,1.436877385,36:32.0,null
20210522,0:00,135344,125032,117558,1926,8386,9268064,9520966,9403408,1.439307962,37:01.9,null
20210523,0:00,135929,125881,122235,1931,8117,9278135,9536299,9414064,1.443892882,37:54.1,null
20210524,0:00,136467,126427,120704,1934,8106,9296442,9553613,9432909,1.44671172,42:11.8,null
20210525,0:00,136983,126993,117098,1938,8052,9338646,9592727,9475629,1.445634902,33:39.8,null
20210526,0:00,137682,127582,121069,1940,8160,9370707,9629458,9508389,1.448005545,46:42.6,null
20210527,0:00,138311,128180,122659,1943,8188,9404723,9665693,9543034,1.449339906,39:43.1,null
20210528,0:00,138898,128761,122872,1946,8191,9440686,9702456,9579584,1.449937701,34:29.6,null
20210529,0:00,139431,129739,123790,1951,7741,9470370,9733591,9609801,1.450924946,45:26.8,null
20210530,0:00,139910,130381,126493,1957,7572,9481211,9747614,9621121,1.45419645,24:39.4,null
20210531,0:00,140340,130823,127953,1959,7558,9492865,9761158,9633205,1.456836017,34:29.3,null
20210601,0:00,140799,131463,127612,1963,7373,9529991,9798402,9670790,1.455920354,39:17.2,null
20210602,0:00,141476,132068,128917,1965,7443,9563957,9834350,9705433,1.457699002,34:39.6,null
20210603,0:00,142157,132699,129822,1968,7490,9600345,9872324,9742502,1.459142631,34:41.8,null
20210604,0:00,142852,133289,133844,1969,7594,9634628,9911324,9777480,1.461030859,35:01.7,null
20210605,0:00,143596,133763,137164,1971,7862,9665194,9945954,9808790,1.463952231,35:32.8,null
20210606,0:00,144152,134262,136465,1973,7917,9679080,9959697,9823232,1.467459997,43:04.1,null
20210607,0:00,144637,134861,136526,1974,7802,9691134,9972297,9835771,1.470520206,34:50.0,null
20210608,0:00,145091,135412,139260,1975,7704,9724233,10008584,9869324,1.470120953,37:18.1,null
20210609,0:00,145692,136174,131424,1977,7541,9767667,10044783,9913359,1.469653222,41:30.0,null
20210610,0:00,146303,136713,130327,1979,7611,9800232,10076862,9946535,1.470894135,35:53.9,null
20210611,0:00,146859,137224,133753,1981,7654,9830452,10111064,9977311,1.471929661,37:58.0,null
20210612,0:00,147422,138037,122200,1982,7403,9870913,10140535,10018335,1.471521964,40:25.0,null
20210613,0:00,147874,138581,124517,1985,7308,9880516,10152907,10028390,1.474553742,36:35.7,null
20210614,0:00,148273,139022,123424,1988,7263,9893800,10165497,10042073,1.476517846,35:03.4,null
20210615,0:00,148647,139733,123664,1992,6922,9924159,10196470,10072806,1.475725831,34:07.3,null
20210616,0:00,149191,140438,118764,1993,6760,9961429,10229384,10110620,1.475587056,52:02.0,null
20210617,0:00,149731,141029,121319,1994,6708,9986786,10257836,10136517,1.477144467,37:38.7,null
20210618,0:00,150238,141816,125837,1996,6426,10017973,10294048,10168211,1.477526381,42:02.1,null
20210619,0:00,150720,142385,128721,1997,6338,10043713,10323154,10194433,1.478453976,54:16.5,null
20210620,0:00,151149,142899,131062,2002,6248,10053423,10335634,10204572,1.48118902,39:22.6,null
20210621,0:00,151506,143268,128433,2004,6234,10066108,10346047,10217614,1.482792362,40:21.0,null
20210622,0:00,151901,143817,127127,2006,6078,10101015,10380043,10252916,1.481539496,37:35.1,null
20210623,0:00,152545,144379,129791,2007,6159,10127613,10409949,10280158,1.483877972,38:51.7,null
20210624,0:00,153155,144788,120971,2008,6359,10164656,10438782,10317811,1.484374932,34:00.2,null
20210625,0:00,153789,145389,122188,2009,6391,10190568,10466545,10344357,1.48669463,38:45.3,null
20210626,0:00,154457,145989,114573,2012,6456,10226486,10495516,10380943,1.487889877,46:37.2,null
20210627,0:00,155071,146340,116376,2013,6718,10237231,10508678,10392302,1.492171802,32:43.7,null
20210628,0:00,155572,146675,114843,2015,6882,10250514,10520929,10406086,1.495009747,37:00.1,null
20210629,0:00,156167,147077,116858,2017,7073,10282716,10555741,10438883,1.496012552,55:20.9,null
20210630,0:00,156961,147693,114110,2018,7250,10308001,10579072,10464962,1.499871667,38:19.3,null
20210701,0:00,157723,148024,124925,2021,7678,10331669,10614317,10489392,1.503642918,42:01.9,null
20210702,0:00,158549,148319,130666,2024,8206,10352388,10641603,10510937,1.508419278,40:45.3,null
20210703,0:00,159342,149132,133909,2025,8185,10377366,10670617,10536708,1.51225601,44:37.2,null
20210704,0:00,160084,149614,136297,2026,8444,10388744,10685125,10548828,1.517552471,33:38.8,null
20210705,0:00,160795,150044,134893,2028,8723,10404446,10700134,10565241,1.521924583,53:08.2,null
20210706,0:00,161541,150760,141699,2032,8749,10432476,10735716,10594017,1.524832365,42:40.3,null
20210707,0:00,162753,151500,142748,2033,9220,10461001,10766502,10623754,1.531972597,41:09.9,null
20210708,0:00,164028,151923,151158,2034,10071,10487596,10802782,10651624,1.539934192,37:10.4,null
20210709,0:00,165344,152498,160468,2036,10810,10518405,10844217,10683749,1.547621532,37:58.3,null
20210710,0:00,166722,153153,169719,2038,11531,10545199,10881640,10711921,1.556415511,01:51.2,null
20210712,0:00,169146,154187,174671,2044,12915,10576081,10919898,10745227,1.574150085,43:17.5,null
20210713,0:00,170296,154752,179130,2046,13498,10614873,10964299,10785169,1.578983139,45:01.8,null
20210714,0:00,171911,155491,181905,2048,14372,10655043,11008859,10826954,1.587805767,47:11.3,null
20210715,0:00,173511,156509,204479,2050,14952,10682466,11060456,10855977,1.598299259,46:10.3,null
20210716,0:00,175046,157113,218192,2051,15882,10715346,11108584,10890392,1.607343427,41:57.6,null
20210717,0:00,176500,157960,227636,2055,16485,10745090,11149226,10921590,1.61606506,19:46.9,null
20210718,0:00,177951,158953,235438,2057,16941,10762592,11175981,10940543,1.626528043,33:01.4,null
20210719,0:00,179203,159630,240689,2058,17515,10782542,11202434,10961745,1.634803583,38:09.4,null
20210720,0:00,180481,160347,244671,2059,18075,10826835,11251987,11007316,1.63964585,37:01.3,null
20210721,0:00,182265,161634,252187,2060,18571,10864225,11298677,11046490,1.649981125,38:25.2,null
20210722,0:00,184103,163073,269496,2063,18967,10890319,11343918,11074422,1.662416332,39:47.6,null
20210723,0:00,185733,164206,278011,2066,19461,10924561,11388305,11110294,1.671719938,37:34.6,null
20210724,0:00,187362,165246,274697,2068,20048,10968466,11430525,11155828,1.679498823,38:51.4,null
20210725,0:00,188848,166375,274761,2073,20400,10969738,11433347,11158586,1.692400811,32:34.5,null
20210726,0:00,190166,167365,281003,2077,20724,11001177,11472346,11191343,1.699224124,40:26.2,null
20210727,0:00,191531,168629,309414,2079,20823,11027664,11528609,11219195,1.707172395,35:45.8,08:37.3
20210728,0:00,193427,170494,323954,2083,20850,11068234,11585615,11261661,1.717570792,36:06.4,null
20210729,0:00,195099,171559,342326,2085,21455,11100081,11637506,11295180,1.727276591,37:41.4,null
20210730,0:00,196806,172757,357215,2089,21960,11128947,11682968,11325753,1.737685786,36:59.6,null
20210731,0:00,198345,174177,369201,2095,22073,11161275,11728821,11359620,1.746053125,37:25.7,null
20210801,0:00,199787,175674,378600,2098,22015,11173399,11751786,11373186,1.756649368,38:06.1,10:28.0
20210802,0:00,201002,176605,387170,2099,22298,11184433,11772605,11385435,1.765431009,37:52.0,null
20210803,0:00,202203,177909,398300,2104,22190,11219513,11820016,11421716,1.770338187,38:51.5,null
20210804,0:00,203926,179123,397889,2106,22697,11262430,11864245,11466356,1.778472603,49:14.9,null
20210805,0:00,205702,180719,415489,2109,22874,11287245,11908436,11492947,1.789810742,50:52.9,null
20210806,0:00,207406,182052,427050,2113,23241,11317196,11951652,11524602,1.799680371,43:45.4,null
20210807,0:00,209228,183789,444937,2116,23323,11341763,11995928,11550991,1.811342421,40:19.0,null
20210808,0:00,210956,185003,466279,2121,23832,11350208,12027443,11561164,1.82469516,43:33.0,null
20210809,0:00,212448,186242,467508,2125,24081,11377875,12057831,11590323,1.83297739,37:14.3,null
20210810,0:00,213987,187523,465922,2134,24330,11432177,12112086,11646164,1.837403286,37:53.0,null
20210811,0:00,216206,189506,488067,2135,24565,11451927,12156200,11668133,1.852961395,40:03.0,null
20210812,0:00,218192,190535,510096,2138,25519,11478954,12207242,11697146,1.865343905,38:42.6,null
20210813,0:00,220182,192248,539535,2144,25790,11498250,12257967,11718432,1.878937387,44:04.5,null
20210814,0:00,222111,193778,562705,2148,26185,11524464,12309280,11746575,1.890857548,45:15.4,null
20210815,0:00,223928,195103,585131,2156,26669,11535659,12344718,11759587,1.904216534,34:53.2,null
20210816,0:00,225481,196198,595225,2167,27116,11552071,12372777,11777552,1.914498021,37:05.1,null
20210817,0:00,226854,197224,620680,2173,27457,11557443,12404977,11784297,1.925053315,34:16.2,null
20210818,0:00,228657,199582,634727,2178,26897,11598301,12461685,11826958,1.933354291,41:30.0,null
20210819,0:00,230808,201235,652740,2191,27382,11635156,12518704,11865964,1.945126414,35:41.9,null
20210820,0:00,232859,202775,659590,2197,27887,11674560,12567009,11907419,1.955579123,36:01.7,null
20210821,0:00,234739,204518,667998,2202,28019,11729864,12632601,11964603,1.961945582,47:10.5,null
20210822,0:00,236366,206276,678447,2215,27875,11749530,12664343,11985896,1.972034465,43:14.0,02:12.2
20210823,0:00,237782,207601,689243,2222,27959,11767004,12694029,12004786,1.980726687,39:10.5,null
20210824,0:00,239287,209193,688192,2228,27866,11822279,12749758,12061566,1.983880037,39:28.2,null
20210825,0:00,241439,211177,697586,2237,28025,11867588,12806613,12109027,1.993876139,46:31.2,null
20210826,0:00,243317,212871,710599,2257,28189,11912886,12866802,12156203,2.001587173,37:19.3,null
20210827,0:00,245158,214673,718479,2265,28220,11964158,12927795,12209316,2.007958513,47:12.9,null
20210828,0:00,246951,216989,743177,2276,27686,11993364,12983492,12240315,2.017521608,51:58.6,null
20210829,0:00,248568,218726,762594,2279,27563,12004765,13015927,12253333,2.028574593,30:47.6,null
20210830,0:00,250051,220358,766807,2284,27409,12032826,13049684,12282877,2.035768981,40:07.3,null
20210831,0:00,251421,221701,751241,2285,27435,12092056,13094718,12343477,2.036873403,38:37.5,05:20.8
20210901,0:00,253445,224319,780979,2292,26834,12117722,13152146,12371167,2.048674955,37:02.4,null
20210902,0:00,255401,226222,819939,2303,26876,12148175,13223515,12403576,2.059091668,37:25.1,null
20210903,0:00,257110,228618,825198,2308,26184,12204374,13286682,12461484,2.063237412,44:31.0,null
20210904,0:00,258913,230405,850535,2315,26193,12240913,13350361,12499826,2.071332833,41:36.5,null
20210905,0:00,260403,232334,874694,2321,25748,12247641,13382738,12508044,2.081884266,48:36.1,null
20210906,0:00,261778,233695,891318,2327,25756,12263652,13416748,12525430,2.089972161,43:09.9,null
20210907,0:00,263374,235225,886983,2330,25819,12318059,13468416,12581433,2.093354549,39:03.2,null
20210908,0:00,265423,237286,898494,2334,25803,12355753,13519670,12621176,2.102997375,39:50.5,null
20210909,0:00,267470,238920,897924,2343,26207,12403479,13568873,12670949,2.110891615,40:59.6,null
20210910,0:00,269362,240733,888674,2348,26281,12457022,13615058,12726384,2.116563511,40:06.4,null
20210911,0:00,271227,242960,895077,2358,25909,12499159,13665463,12770386,2.123874721,42:37.1,null
20210913,0:00,274415,245505,925739,2360,26550,12535589,13735743,12810004,2.14219293,40:59.6,null
20210914,0:00,275910,247647,914400,2367,25896,12599919,13790229,12875829,2.142852317,45:02.5,null
20210917,0:00,281938,254094,921233,2389,25455,12735788,13938959,13017726,2.165800694,15:01.6,null
20210918,0:00,284022,256029,917857,2394,25599,12784737,13986616,13068759,2.173289752,58:15.3,null
20210919,0:00,285931,257449,932234,2404,26078,12802333,14020498,13088264,2.184636557,31:46.1,null
20210920,0:00,287536,259011,953532,2409,26116,12809907,14050975,13097443,2.195359812,09:41.2,null
20210921,0:00,289263,260090,965875,2413,26760,12826146,14081284,13115409,2.20552024,39:49.4,null
20210922,0:00,290983,261812,997996,2419,26752,12823456,14112435,13114439,2.218798684,35:53.9,null
20210923,0:00,292699,262842,1034720,2427,27430,12823650,14151069,13116349,2.231558492,01:14.5,null
20210924,0:00,295132,264492,1030500,2434,28206,12896053,14221685,13191185,2.237342589,53:29.1,null
20210925,0:00,298402,266414,1056223,2441,29547,12930715,14285340,13229117,2.255645634,49:15.2,27:59.2
20210926,0:00,301172,268140,1096862,2450,30582,12927904,14325938,13229076,2.276591351,38:04.3,null
20210927,0:00,303553,269132,1120111,2456,31965,12942271,14365935,13245824,2.291688309,08:41.4,null
20210928,0:00,305842,270928,1135394,2464,32450,12984337,14425573,13290179,2.301263211,57:34.9,null
20210929,0:00,308725,272724,1137617,2474,33527,13038918,14485260,13347643,2.312955179,58:03.4,null
20210930,0:00,311289,274205,1149658,2481,34603,13083311,14544258,13394600,2.323988772,58:40.2,null
20211001,0:00,313773,275576,1169025,2497,35700,13113426,14596224,13427199,2.336846277,57:42.1,null
20211002,0:00,316020,277092,1179529,2504,36424,13149148,14644697,13465168,2.346944353,52:30.4,null
20211003,0:00,318105,278847,1202878,2507,36751,13154144,14675127,13472249,2.361187059,22:27.0,null
20211004,0:00,319777,282669,1216193,2513,34595,13165254,14701224,13485031,2.371347904,50:15.7,null
20211005,0:00,321352,284197,1228509,2524,34631,13181779,14731640,13503131,2.37983324,54:11.4,null
20211006,0:00,323379,287040,1219801,2536,33803,13237771,14780951,13561150,2.384598651,49:43.2,null
20211007,0:00,325804,288822,1239741,2544,34438,13268433,14833978,13594237,2.39663322,48:27.6,null
20211008,0:00,327976,292091,1232857,2554,33331,13321368,14882201,13649344,2.402870057,46:59.7,null
20211011,0:00,332816,298022,1255745,2583,32211,13388858,14977419,13721674,2.425476658,36:36.6,null
20211012,0:00,334163,299260,1276809,2594,32309,13396612,15007584,13730775,2.433679089,34:11.1,null
20211013,0:00,335742,302066,1285868,2605,31071,13440810,15062420,13776552,2.437053916,35:45.0,null
20211014,0:00,337679,303719,1296534,2618,31342,13472153,15106366,13809832,2.445207154,34:17.6,null
20211015,0:00,339361,305851,1309168,2626,30884,13503997,15152526,13843358,2.451435555,39:06.7,null
20211016,0:00,340978,308187,1293233,2644,30147,13563981,15198192,13904959,2.452204282,35:29.2,null
20211017,0:00,342396,310344,1312433,2660,29392,13566039,15220868,13908435,2.461786678,04:43.4,null
20211018,0:00,343445,311781,1320566,2668,28996,13582339,15246350,13925784,2.466252528,39:38.1,null
20211019,0:00,344518,313432,1323771,2689,28397,13628545,15296834,13973063,2.465586822,37:01.1,32:05.5
20211020,0:00,346088,316607,1325132,2698,26783,13673512,15344732,14019600,2.468601101,37:29.4,null
20211021,0:00,347529,317755,1334586,2709,27065,13709892,15392007,14057421,2.47221023,43:46.7,null
20211022,0:00,348969,320317,1327170,2725,25927,13761248,15437387,14110217,2.473165367,40:09.6,null
20211023,0:00,350476,322536,1339287,2745,25195,13791710,15481473,14142186,2.478230735,02:54.9,null
20211024,0:00,351899,323393,1354359,2766,25740,13798727,15504985,14150626,2.486808711,33:19.1,null
20211025,0:00,353089,324448,1368282,2773,25868,13809107,15530478,14162196,2.49317973,53:36.9,null
20211027,0:00,356305,329658,1387186,2797,23850,13884820,15628311,14241125,2.501944193,10:24.8,null
20211028,0:00,358412,330853,1389130,2808,24751,13930645,15678187,14289057,2.508297084,33:44.2,null
20211029,0:00,360536,332995,1358692,2817,24724,14011558,15730786,14372094,2.508583648,31:17.5,null
20211030,0:00,362639,334581,1366434,2830,25228,14046627,15775700,14409266,2.516706958,42:07.8,null
20211031,0:00,364700,336548,1386962,2849,25303,14052403,15804065,14417103,2.529634421,17:32.7,null
20211101,0:00,366386,337353,1424100,2858,26175,14058818,15849304,14425204,2.539901689,42:25.1,null
20211102,0:00,367974,338947,1443843,2874,26153,14093372,15905189,14461346,2.544534928,30:05.2,null
20211103,0:00,370640,340471,1451112,2892,27277,14131777,15953529,14502417,2.55571192,28:24.3,null
20211104,0:00,373120,341888,1464968,2916,28316,14163144,16001232,14536264,2.566821846,27:32.7,null
20211105,0:00,375464,343237,1475027,2936,29291,14201178,16051669,14576642,2.575792147,27:51.2,null
20211106,0:00,377712,345566,1472186,2956,29190,14249291,16099189,14627003,2.58229249,37:28.2,null
20211107,0:00,379935,346801,1497751,2967,30167,14253188,16130874,14633123,2.596404062,29:07.7,null
20211108,0:00,381694,347799,1518345,2980,30915,14260796,16160835,14642490,2.606756091,28:41.7,null
20211109,0:00,383407,350658,1520380,2998,29751,14309086,16212873,14692493,2.609543527,24:09.1,null
20211110,0:00,385831,352940,1522819,3012,29879,14353229,16261879,14739060,2.617744958,28:28.0,null
20211111,0:00,388351,355014,1552667,3033,30304,14371757,16312775,14760108,2.631085084,27:17.6,null
20211112,0:00,390719,356615,1574579,3051,31053,14395734,16361032,14786453,2.642411943,27:05.3,null
20211115,0:00,397466,362834,1635106,3115,31517,14438402,16470974,14835868,2.679088274,35:56.0,28:13.3
20211116,0:00,399591,364499,1617465,3137,31955,14508336,16525392,14907927,2.680392787,39:32.2,null
20211118,0:00,406065,367578,1650778,3187,35300,14574431,16631274,14980496,2.710624535,34:37.8,null
20211119,0:00,409099,368723,1662758,3215,37161,14612313,16684170,15021412,2.723439048,54:43.2,null
20211120,0:00,412311,374383,1693576,3244,34684,14634241,16740128,15046552,2.74023577,51:26.3,null
20211121,0:00,415425,375755,1730642,,,,16777682,15047040,2.760841999,05:22.1,null
20211122,0:00,418252,376706,1762205,3298,38248,14636162,16816619,15054414,2.778268221,07:45.6,null
20211123,0:00,420950,378561,1779964,3328,39061,14678045,16878959,15098995,2.787933899,59:47.9,null
20211124,0:00,425063,380376,1797218,3362,41325,14717646,16939927,15142709,2.807047273,08:22.1,05:08.9
20211125,0:00,429002,381851,1832973,3401,43750,14736764,16998739,15165766,2.8287526,00:47.9,null
20211126,0:00,432901,383551,1873162,3440,45910,14749949,17056012,15182850,2.85124993,03:04.0,null
20211127,0:00,436968,390141,1907370,3492,43335,14771425,17115763,15208393,2.873202974,32:36.0,null
20211128,0:00,440896,392311,1941470,3548,45037,14776181,17158547,15217077,2.897376415,58:53.4,null
20211129,0:00,444200,393617,1981428,3580,47003,14774705,17200333,15218905,2.91873824,05:16.7,null
